{
    "crude correction": 1.1402678855450445,
    "t": [
        110.06051549832819,
        110.06051549832819,
        110.06051549832819,
        110.06051549832819,
        239.40654298728128,
        322.6437578998961,
        411.6134182395797,
        500.2181038414768,
        500.2181038414768,
        500.2181038414768,
        500.2181038414768
    ],
    "c": [
        2.290962328078018,
        -0.4937503528283856,
        -0.1800396042592227,
        0.08392226309479046,
        -0.18724041904875713,
        0.04142468903430687,
        -0.08146773800563531,
        0.0,
        0.0,
        0.0,
        0.0
    ],
    "k": 3
}