{
    "crude correction": 1.1402678855450445,
    "after_400_calibration": -0.044266545870361385,
    "t1": [
        111.0557666331798,
        111.0557666331798,
        111.0557666331798,
        111.0557666331798,
        209.14009847546595,
        272.17228034895675,
        332.10963869352366,
        399.23602523549926,
        399.23602523549926,
        399.23602523549926,
        399.23602523549926
    ],
    "c1": [
        2.124708552341574,
        0.34461759785521584,
        -0.63647691333944,
        0.1264564198767227,
        -0.08495953246899794,
        -0.036127327480093924,
        -0.1312150708243989,
        0.0,
        0.0,
        0.0,
        0.0
    ],
    "k1": 3,
    "t2": [
        111.05527740518642,
        111.05527740518642,
        111.05527740518642,
        111.05527740518642,
        181.13361211476953,
        230.1288713966377,
        272.1716624562246,
        313.18702428188607,
        354.1659040475759,
        399.235167149452,
        399.235167149452,
        399.235167149452,
        399.235167149452
    ],
    "c2": [
        -0.14635891976103463,
        0.308438293736529,
        -0.29401905527584904,
        0.17198407276012706,
        -0.1084361406781701,
        0.05605339903994619,
        -0.026562043042748926,
        0.002126508461193544,
        0.006499010690978683,
        0.0,
        0.0,
        0.0,
        0.0
    ],
    "k2": 3
}