{
    "crude correction": 1.1402678855450445,
    "t": [
        110.06051549832819,
        110.06051549832819,
        110.06051549832819,
        110.06051549832819,
        240.1074712865264,
        322.6437578998961,
        411.6134182395797,
        500.2181038414768,
        500.2181038414768,
        500.2181038414768,
        500.2181038414768
    ],
    "c": [
        2.265287793233827,
        -0.48139616858659784,
        -0.09796258932073508,
        0.06612176229664475,
        -0.12911117964432464,
        0.08449405796961032,
        -0.03540721751584351,
        0.0,
        0.0,
        0.0,
        0.0
    ],
    "k": 3
}