{
    "crude correction": 1.1402678855450445,
    "after_400_calibration": -0.044765291518006345,
    "t1": [
        [
            110.06051549832819,
            110.06051549832819,
            110.06051549832819,
            110.06051549832819,
            213.1475980450838,
            275.12569371663534,
            333.6666504689322,
            399.23602523549926,
            399.23602523549926,
            399.23602523549926,
            399.23602523549926
        ]
    ],
    "c1": [
        [
            2.1954543979196957,
            0.2599262939680272,
            -0.6035865273770317,
            0.12248186105274973,
            -0.0803894843803194,
            -0.04760261109433955,
            -0.12021746181949067,
            0.0,
            0.0,
            0.0,
            0.0
        ]
    ],
    "k1": [
        3
    ],
    "t2": [
        [
            110.06002286832654,
            110.06002286832654,
            110.06002286832654,
            110.06002286832654,
            213.14717010105943,
            275.1250675488441,
            333.6659013166374,
            399.23516275898385,
            399.23516275898385,
            399.23516275898385,
            399.23516275898385
        ]
    ],
    "c2": [
        [
            -7.005712585814666e-06,
            -6.355368505843746e-06,
            7.061355187076214e-07,
            1.9970198142014776e-06,
            -2.4816475315562184e-06,
            1.2137022464852576e-06,
            -2.094957015515281e-06,
            0.0,
            0.0,
            0.0,
            0.0
        ]
    ],
    "k2": [
        3
    ]
}