{
    "crude correction": 1.1402678855450445,
    "after_400_calibration": -0.06280155900629336,
    "t1": [
        110.06051549832819,
        110.06051549832819,
        110.06051549832819,
        110.06051549832819,
        239.40654298728128,
        322.6437578998961,
        411.6134182395797,
        500.2181038414768,
        500.2181038414768,
        500.2181038414768,
        500.2181038414768
    ],
    "c1": [
        2.2897746005015622,
        -0.4931515826487045,
        -0.17971560059315594,
        0.08355811041164314,
        -0.18664349090995466,
        0.040746086098362125,
        -0.08112863360876318,
        0.0,
        0.0,
        0.0,
        0.0
    ],
    "k1": 3,
    "t2": [
        110.06001248729473,
        110.06001248729473,
        110.06001248729473,
        110.06001248729473,
        188.09214293069928,
        234.13825770386583,
        275.1250815862874,
        314.17851820343697,
        355.1493286405723,
        399.235147863485,
        399.235147863485,
        399.235147863485,
        399.235147863485
    ],
    "c2": [
        -0.2510089203485526,
        0.4526763104127511,
        -0.2992955701537244,
        0.08862402169313359,
        -0.010497840790735714,
        0.03602851283289842,
        -0.07539856830074522,
        0.02491631139280849,
        -0.048340532812800305,
        0.0,
        0.0,
        0.0,
        0.0
    ],
    "k2": 3
}