{
    "crude correction": -1.1402678855450445,
    "t": [
        110.06026450167181,
        110.06026450167181,
        110.06026450167181,
        110.06026450167181,
        240.371125912212,
        322.6430221001039,
        411.58588633494367,
        500.0000000000088,
        500.0000000000088,
        500.0000000000088,
        500.0000000000088
    ],
    "c": [
        -2.244732601221794,
        0.5351771922018134,
        0.13865300289539095,
        -0.04981628656999585,
        0.14759441209490107,
        -0.04467741821876483,
        0.06138972012646813,
        0.0,
        0.0,
        0.0,
        0.0
    ],
    "k": 3
}