{
    "crude correction": 1.1402678855450445,
    "after_400_calibration": -0.044419950432556865,
    "t1": [
        111.0557666331798,
        111.0557666331798,
        111.0557666331798,
        111.0557666331798,
        209.092468421155,
        272.1359203074966,
        331.21859767749936,
        399.23602523549926,
        399.23602523549926,
        399.23602523549926,
        399.23602523549926
    ],
    "c1": [
        2.1282656266591395,
        0.3533117094290419,
        -0.6445072286132232,
        0.12738631269268247,
        -0.08605092795963509,
        -0.034436806999427215,
        -0.1316506714586353,
        0.0,
        0.0,
        0.0,
        0.0
    ],
    "k1": 3,
    "t2": [
        111.05527701015508,
        111.05527701015508,
        111.05527701015508,
        111.05527701015508,
        181.08500542863672,
        230.08604183592544,
        272.1353022393777,
        313.12448447945957,
        354.1491773291148,
        399.23516732335236,
        399.23516732335236,
        399.23516732335236,
        399.23516732335236
    ],
    "c2": [
        -0.15317516797418756,
        0.32083005774305373,
        -0.30454009336851595,
        0.17880909713968107,
        -0.11296392683298809,
        0.05871291437987642,
        -0.02819246647019105,
        0.002609244696078011,
        0.0066466376232867455,
        0.0,
        0.0,
        0.0,
        0.0
    ],
    "k2": 3
}