{
    "crude correction": 1.1402678855450445,
    "t": [
        110.06051549832819,
        110.06051549832819,
        110.06051549832819,
        110.06051549832819,
        240.1074712865264,
        322.6437578998961,
        411.6134182395797,
        500.2181038414768,
        500.2181038414768,
        500.2181038414768,
        500.2181038414768
    ],
    "c": [
        2.322914279723092,
        -0.4959415226876927,
        -0.0925192816752773,
        0.06459627659103974,
        -0.12094986817299422,
        0.0788676043232448,
        -0.033018022338904024,
        0.0,
        0.0,
        0.0,
        0.0
    ],
    "k": 3
}