{
    "crude correction": 1.1402678855450445,
    "after_400_calibration": -0.0509866190372299,
    "t1": [
        110.06051549832819,
        110.06051549832819,
        110.06051549832819,
        110.06051549832819,
        209.05610837969485,
        272.16110033620856,
        333.1564698871903,
        399.23602523549926,
        399.23602523549926,
        399.23602523549926,
        399.23602523549926
    ],
    "c1": [
        2.241920257476539,
        0.3038842464436777,
        -0.5954444140469985,
        0.14650654822342105,
        -0.06227385571826991,
        -0.03859197994500812,
        -0.1345949795691886,
        0.0,
        0.0,
        0.0,
        0.0
    ],
    "k1": 3
}