{
    "crude correction": 1.1402678855450445,
    "t": [
        110.06051549832819,
        110.06051549832819,
        110.06051549832819,
        110.06051549832819,
        240.1074712865264,
        322.6437578998961,
        411.6134182395797,
        500.2181038414768,
        500.2181038414768,
        500.2181038414768,
        500.2181038414768
    ],
    "c": [
        2.2652877824621185,
        -0.48139616518223455,
        -0.09796258965618637,
        0.06612176232859343,
        -0.12911117959077864,
        0.08449405792432754,
        -0.03540721749543814,
        0.0,
        0.0,
        0.0,
        0.0
    ],
    "k": 3
}