{
    "crude correction": 1.1402678855450445,
    "after_400_calibration": -0.04576213135261731,
    "t1": [
        110.06051549832819,
        110.06051549832819,
        110.06051549832819,
        110.06051549832819,
        192.10225904778696,
        260.1610366529369,
        326.24455200576125,
        399.23602523549926,
        399.23602523549926,
        399.23602523549926,
        399.23602523549926
    ],
    "c1": [
        2.1661991997353627,
        0.6225439252641249,
        -0.6585458095684676,
        0.0831626744875224,
        -0.04945594419819391,
        -0.05792975188907142,
        -0.12343199467790573,
        0.0,
        0.0,
        0.0,
        0.0
    ],
    "k1": 3,
    "t2": [
        110.06002608816341,
        110.06002608816341,
        110.06002608816341,
        110.06002608816341,
        168.08514359528368,
        215.1101332458076,
        260.1604565218545,
        303.15596805660095,
        348.1628927296776,
        399.23516404245424,
        399.23516404245424,
        399.23516404245424,
        399.23516404245424
    ],
    "c2": [
        -0.09616864664868541,
        0.1639172216668409,
        -0.16044913218183768,
        0.10374359989550525,
        -0.06397946516801792,
        0.028592671973626756,
        -0.009632439613944823,
        -0.0036529356434870635,
        0.005990182284211671,
        0.0,
        0.0,
        0.0,
        0.0
    ],
    "k2": 3
}