{
    "crude correction": 2.5696819219206577,
    "after_400_calibration": -1.0897075750330836,
    "t1": [
        101.10814981511709,
        101.10814981511709,
        101.10814981511709,
        101.10814981511709,
        204.8574564171496,
        274.63512072309135,
        335.14622121697283,
        399.23688590917203,
        399.23688590917203,
        399.23688590917203,
        399.23688590917203
    ],
    "c1": [
        3.3021922557973666,
        -0.9332030388364169,
        0.012116201334693412,
        -1.583740445910543,
        -0.9016034443592533,
        -0.8463734336779696,
        -1.2333786224509387,
        0.0,
        0.0,
        0.0,
        0.0
    ],
    "k1": 3
}