{
    "crude correction": 0.28552021347460665,
    "t": [
        100.07569857362667,
        100.07569857362667,
        100.07569857362667,
        100.07569857362667,
        182.3657745691,
        241.1421038509253,
        391.2623914171697,
        501.54786631434513,
        501.54786631434513,
        501.54786631434513,
        501.54786631434513
    ],
    "c": [
        -0.09213019642726106,
        -0.3737888643103822,
        -0.196826106420962,
        -0.39451785760691577,
        -0.05061473887939287,
        -0.24008242242660965,
        -0.1594151902964784,
        0.0,
        0.0,
        0.0,
        0.0
    ],
    "k": 3
}