{
    "crude correction": 2.5696819219206577,
    "t": [
        100.07653716420752,
        100.07653716420752,
        100.07653716420752,
        100.07653716420752,
        231.10614386775387,
        324.229433164372,
        412.6609192008771,
        500.33145761213626,
        500.33145761213626,
        500.33145761213626,
        500.33145761213626
    ],
    "c": [
        2.89640834129712,
        -0.5950227369635616,
        -0.7395575016561801,
        -1.2800499784834594,
        -0.7212335877314099,
        -1.2637718014301913,
        -0.9463904857525218,
        0.0,
        0.0,
        0.0,
        0.0
    ],
    "k": 3
}