{
    "crude correction": 2.5696819219206577,
    "after_400_calibration": -1.052352853850731,
    "t1": [
        [
            101.10814981511709,
            101.10814981511709,
            101.10814981511709,
            101.10814981511709,
            231.10614386775387,
            324.229433164372,
            412.6609192008771,
            500.33145761213626,
            500.33145761213626,
            500.33145761213626,
            500.33145761213626
        ]
    ],
    "c1": [
        [
            2.8002365322645972,
            -0.6586113336572569,
            -0.7960411019291184,
            -1.3144067454116546,
            -0.7461747198461389,
            -1.3089603136787544,
            -0.9793669341860982,
            0.0,
            0.0,
            0.0,
            0.0
        ]
    ],
    "k1": [
        3
    ]
}