{
    "crude correction": 2.5513414953623847,
    "t": [
        100.07649532866381,
        100.07649532866381,
        100.07649532866381,
        100.07649532866381,
        181.0978520412858,
        235.11991986967746,
        429.4658080108934,
        500.0,
        500.0,
        500.0,
        500.0
    ],
    "c": [
        3.0961014886375193,
        -0.5955867880841454,
        -0.28276394991687503,
        -2.1070214782653083,
        -1.0602157590942984,
        -1.5180524929433663,
        -1.3602012319753225,
        0.0,
        0.0,
        0.0,
        0.0
    ],
    "k": 3
}