{
    "crude correction": 0.2725506846183528,
    "after_400_calibration": -0.2728448306523055,
    "t1": [
        100.07572727570054,
        100.07572727570054,
        100.07572727570054,
        100.07572727570054,
        156.07677253881963,
        197.12856372751037,
        231.09753298577365,
        338.18236217180925,
        338.18236217180925,
        338.18236217180925,
        338.18236217180925
    ],
    "c1": [
        -0.20096692459486246,
        -0.33296924093496777,
        -0.33299122322093155,
        -0.1934931217714727,
        -0.35767548060814075,
        -0.2062207044892294,
        -0.3018254173703746,
        0.0,
        0.0,
        0.0,
        0.0
    ],
    "k1": 3,
    "t2": [
        100.07569283618581,
        100.07569283618581,
        100.07569283618581,
        100.07569283618581,
        137.4026995563541,
        171.0885089761594,
        197.12850163609033,
        219.13717977911023,
        247.4585468029008,
        338.1822799001121,
        338.1822799001121,
        338.1822799001121,
        338.1822799001121
    ],
    "c2": [
        0.021129621764933437,
        -0.04206474344184542,
        0.027375863941953637,
        0.015407564744491151,
        -0.06036773262983887,
        0.09931864650729666,
        -0.20760209884648304,
        0.23264918949519797,
        -0.08266715128080099,
        0.0,
        0.0,
        0.0,
        0.0
    ],
    "k2": 3
}