{
    "crude correction": 2.5513414953623847,
    "after_400_calibration": -1.5047875375452588,
    "t1": [
        100.07649532866381,
        100.07649532866381,
        100.07649532866381,
        100.07649532866381,
        147.3643534758307,
        192.10836013278032,
        230.85237648174473,
        322.18856201095036,
        322.18856201095036,
        322.18856201095036,
        322.18856201095036
    ],
    "c1": [
        3.0504748275130535,
        1.0965609886927252,
        -0.9099427525534949,
        -0.4335226170609777,
        -1.854500607862928,
        -1.367677997051664,
        -1.5007897975954239,
        0.0,
        0.0,
        0.0,
        0.0
    ],
    "k1": 3,
    "t2": [
        100.07567938811779,
        100.07567938811779,
        100.07567938811779,
        100.07567938811779,
        135.5732012751463,
        168.0608980805465,
        192.10751326231286,
        217.47460808670073,
        244.31745100340012,
        322.18740152396487,
        322.18740152396487,
        322.18740152396487,
        322.18740152396487
    ],
    "c2": [
        -0.19481325944836148,
        0.39364279475922737,
        -0.4418100457898159,
        0.30971502533299705,
        -0.1702094120318754,
        0.06195161444447905,
        -0.03867592775522873,
        -0.0023082177044179133,
        0.013725682529223258,
        0.0,
        0.0,
        0.0,
        0.0
    ],
    "k2": 3
}