{
    "crude correction": 2.5696819219206577,
    "after_400_calibration": -1.0971851879527197,
    "t1": [
        101.10814981511709,
        101.10814981511709,
        101.10814981511709,
        101.10814981511709,
        199.09041159771687,
        270.182134280362,
        333.1404160627048,
        399.23688590917203,
        399.23688590917203,
        399.23688590917203,
        399.23688590917203
    ],
    "c1": [
        3.325840860796364,
        -0.8387840911938792,
        0.03357476560387017,
        -1.5682258462886685,
        -0.9324200705372423,
        -0.8358378761537284,
        -1.228428662693557,
        0.0,
        0.0,
        0.0,
        0.0
    ],
    "k1": 3
}