{
    "crude correction": 2.5513414953623847,
    "after_400_calibration": -1.5029061560237014,
    "t1": [
        100.07649532866381,
        100.07649532866381,
        100.07649532866381,
        100.07649532866381,
        147.61519161580281,
        191.11871760787074,
        229.61681082940285,
        322.18856201095036,
        322.18856201095036,
        322.18856201095036,
        322.18856201095036
    ],
    "c1": [
        3.0855070737216233,
        1.0215507490564097,
        -0.9122333165971643,
        -0.4505785330591596,
        -1.8474983264756084,
        -1.3657202143631904,
        -1.5045380150053274,
        0.0,
        0.0,
        0.0,
        0.0
    ],
    "k1": 3,
    "t2": [
        100.07567588206157,
        100.07567588206157,
        100.07567588206157,
        100.07567588206157,
        135.07071292192867,
        167.06104503771644,
        191.1178761112578,
        215.7782843550404,
        244.11706631461905,
        322.18740273156106,
        322.18740273156106,
        322.18740273156106,
        322.18740273156106
    ],
    "c2": [
        -0.23251163320419196,
        0.46240987611851814,
        -0.5016674578823933,
        0.34187752491516077,
        -0.1692312056109796,
        0.050540148655172826,
        -0.011713383228754506,
        -0.03695713059916104,
        0.027900758321590814,
        0.0,
        0.0,
        0.0,
        0.0
    ],
    "k2": 3
}