{
    "crude correction": 2.5513414953623847,
    "t": [
        100.07649532866381,
        100.07649532866381,
        100.07649532866381,
        100.07649532866381,
        181.0978520412858,
        235.11991986967746,
        429.4658080108934,
        500.0,
        500.0,
        500.0,
        500.0
    ],
    "c": [
        3.1400208432419108,
        -0.6328098716201578,
        -0.2750434035344437,
        -2.1135320902206898,
        -1.0569159085766093,
        -1.51920552353456,
        -1.35967460620511,
        0.0,
        0.0,
        0.0,
        0.0
    ],
    "k": 3
}