{
    "crude correction": 2.5696819219206577,
    "after_400_calibration": -1.103304564567519,
    "t1": [
        100.07653716420752,
        100.07653716420752,
        100.07653716420752,
        100.07653716420752,
        197.1474916050433,
        264.14317876220707,
        331.67272729122124,
        399.23688590917203,
        399.23688590917203,
        399.23688590917203,
        399.23688590917203
    ],
    "c1": [
        3.433592636374595,
        -0.59350119456188,
        -0.2565689367238729,
        -1.509550583425128,
        -0.9968444520805662,
        -0.9791941419487795,
        -0.4647982725560171,
        0.0,
        0.0,
        0.0,
        0.0
    ],
    "k1": 3
}