{
    "crude correction": 2.5696819219206577,
    "after_400_calibration": -1.0967895005928332,
    "t1": [
        101.10814981511709,
        101.10814981511709,
        101.10814981511709,
        101.10814981511709,
        199.13596921478512,
        270.667325527146,
        333.1621686186018,
        399.23688590917203,
        399.23688590917203,
        399.23688590917203,
        399.23688590917203
    ],
    "c1": [
        3.3382217412739776,
        -0.8682347764952965,
        0.05209024951914066,
        -1.5749397869590265,
        -0.927204704106652,
        -0.838250598302957,
        -1.2275337952970984,
        0.0,
        0.0,
        0.0,
        0.0
    ],
    "k1": 3
}