{
    "crude correction": 2.5696819219206577,
    "after_400_calibration": -1.0536251903131713,
    "t1": [
        101.10814981511709,
        101.10814981511709,
        101.10814981511709,
        101.10814981511709,
        232.07605636011408,
        324.229433164372,
        412.82664800694755,
        500.33145761213626,
        500.33145761213626,
        500.33145761213626,
        500.33145761213626
    ],
    "c1": [
        2.7685409376144765,
        -0.6415291024348461,
        -0.8213034930519093,
        -1.2992301543627842,
        -0.7558718951791166,
        -1.3030945534151315,
        -0.9816798681791697,
        0.0,
        0.0,
        0.0,
        0.0
    ],
    "k1": 3
}