{
    "crude correction": 2.5513414953623847,
    "after_400_calibration": -1.5054346554324467,
    "t1": [
        101.10810796065321,
        101.10810796065321,
        101.10810796065321,
        101.10810796065321,
        147.07717524314285,
        191.11871760787074,
        230.1144570990652,
        322.18856201095036,
        322.18856201095036,
        322.18856201095036,
        322.18856201095036
    ],
    "c1": [
        3.0385325226619457,
        1.0146283720029996,
        -1.0241083184912214,
        -0.3636359641342563,
        -1.8465160815611878,
        -1.40009165745895,
        -1.4848928310739227,
        0.0,
        0.0,
        0.0,
        0.0
    ],
    "k1": 3,
    "t2": [
        101.1072848164113,
        101.1072848164113,
        101.1072848164113,
        101.1072848164113,
        134.065730524879,
        165.74156274375665,
        191.11786761241328,
        217.47460173163327,
        244.1413332089678,
        322.1873964025833,
        322.1873964025833,
        322.1873964025833,
        322.1873964025833
    ],
    "c2": [
        -0.2824592990919066,
        0.5035444109935,
        -0.5395823934424366,
        0.3924458033203196,
        -0.2354642711302767,
        0.11480369465823889,
        -0.1283055040637291,
        0.1005651340919948,
        -0.024510057902990667,
        0.0,
        0.0,
        0.0,
        0.0
    ],
    "k2": 3
}