{
    "crude correction": 2.5696819219206577,
    "t": [
        101.10814981511709,
        101.10814981511709,
        101.10814981511709,
        101.10814981511709,
        231.10614386775387,
        324.229433164372,
        412.6609192008771,
        500.33145761213626,
        500.33145761213626,
        500.33145761213626,
        500.33145761213626
    ],
    "c": [
        2.764307799361492,
        -0.5911986440772462,
        -0.7435788920414347,
        -1.2790585070950324,
        -0.7220175761678976,
        -1.2632919343847842,
        -0.9465890312234057,
        0.0,
        0.0,
        0.0,
        0.0
    ],
    "k": 3
}