{
    "crude correction": 0.2725506846183528,
    "t": [
        100.07569727569238,
        100.07569727569238,
        100.07569727569238,
        100.07569727569238,
        182.3657897039073,
        238.1243249009301,
        389.71452191278064,
        500.00000000000017,
        500.00000000000017,
        500.00000000000017,
        500.00000000000017
    ],
    "c": [
        -0.174327516578872,
        -0.4873559810010517,
        -0.12387009732513006,
        -0.4076629151356375,
        -0.08532582982222937,
        -0.2591948497581034,
        -0.186217163226538,
        0.0,
        0.0,
        0.0,
        0.0
    ],
    "k": 3
}