{
    "crude correction": 2.5513414953623847,
    "after_400_calibration": -1.5033194847722609,
    "t1": [
        100.07649532866381,
        100.07649532866381,
        100.07649532866381,
        100.07649532866381,
        147.61519161580281,
        191.11871760787074,
        229.61681082940285,
        322.18856201095036,
        322.18856201095036,
        322.18856201095036,
        322.18856201095036
    ],
    "c1": [
        3.0586466215009467,
        1.1772346308780515,
        -0.953004934290056,
        -0.43046470958733274,
        -1.8679306490518963,
        -1.3474740120269364,
        -1.5114614238316404,
        0.0,
        0.0,
        0.0,
        0.0
    ],
    "k1": 3,
    "t2": [
        100.075678570449,
        100.075678570449,
        100.075678570449,
        100.075678570449,
        135.0707058463229,
        167.0610456379685,
        191.11787491519254,
        215.77828376252896,
        244.11706706446483,
        322.18740496198245,
        322.18740496198245,
        322.18740496198245,
        322.18740496198245
    ],
    "c2": [
        -0.2280055466928472,
        0.46017799404743476,
        -0.5109423589520088,
        0.34665686110744826,
        -0.1668608593714792,
        0.04141148951858334,
        0.007854939825857542,
        -0.0616829533095678,
        0.03795759073122071,
        0.0,
        0.0,
        0.0,
        0.0
    ],
    "k2": 3
}