{
    "crude correction": 2.5513414953623847,
    "t": [
        100.07649532866381,
        100.07649532866381,
        100.07649532866381,
        100.07649532866381,
        181.0978520412858,
        235.11991986967746,
        429.4658080108934,
        500.0,
        500.0,
        500.0,
        500.0
    ],
    "c": [
        3.173501919868237,
        -0.6647853539983617,
        -0.35686152874396454,
        -2.132064904113068,
        -1.100228447775241,
        -1.55420350102952,
        -1.3975109488987694,
        0.0,
        0.0,
        0.0,
        0.0
    ],
    "k": 3
}