{
    "crude correction": -2.5513414953623847,
    "t": [
        100.07598467133619,
        100.07598467133619,
        100.07598467133619,
        100.07598467133619,
        181.0605580515065,
        235.10741015917822,
        429.464381989107,
        500.00000000000114,
        500.00000000000114,
        500.00000000000114,
        500.00000000000114
    ],
    "c": [
        -2.9974844642551624,
        0.6659162367880777,
        0.317333412650903,
        2.0728846147256874,
        1.0055934928485262,
        1.4664773103225983,
        1.3074960400190985,
        0.0,
        0.0,
        0.0,
        0.0
    ],
    "k": 3
}