{
    "crude correction": 2.5513414953623847,
    "after_400_calibration": -1.502842610600673,
    "t1": [
        101.10810796065321,
        101.10810796065321,
        101.10810796065321,
        101.10810796065321,
        147.61519161580281,
        191.11871760787074,
        229.61681082940285,
        322.18856201095036,
        322.18856201095036,
        322.18856201095036,
        322.18856201095036
    ],
    "c1": [
        2.9743804574892887,
        1.0221152222759322,
        -0.9060400142663508,
        -0.45461606059064336,
        -1.842583803428455,
        -1.3705077105344858,
        -1.502632996728909,
        0.0,
        0.0,
        0.0,
        0.0
    ],
    "k1": 3,
    "t2": [
        101.10729130284906,
        101.10729130284906,
        101.10729130284906,
        101.10729130284906,
        136.7446530681527,
        167.06104485810647,
        191.11787648053382,
        215.77828441410725,
        244.1170661107801,
        322.18740211784495,
        322.18740211784495,
        322.18740211784495,
        322.18740211784495
    ],
    "c2": [
        -0.16906062125035087,
        0.380199898888808,
        -0.428036046635837,
        0.30060027456318783,
        -0.1514229938791257,
        0.04250683780399525,
        -0.004052242823039769,
        -0.041568584800499284,
        0.028536656885515394,
        0.0,
        0.0,
        0.0,
        0.0
    ],
    "k2": 3
}