{
    "crude correction": 2.5513414953623847,
    "after_400_calibration": -1.4054092901289443,
    "t1": [
        100.07649532866381,
        100.07649532866381,
        100.07649532866381,
        100.07649532866381,
        181.06148194849354,
        235.11991986967746,
        375.53199340766525,
        500.0,
        500.0,
        500.0,
        500.0
    ],
    "c1": [
        3.1790025048904993,
        -0.6972840278409345,
        -0.30272382610811344,
        -1.91575967514762,
        -1.2126646569787625,
        -1.6106145663207483,
        -1.4426433237895542,
        0.0,
        0.0,
        0.0,
        0.0
    ],
    "k1": 3,
    "t2": [
        100.0756665250494,
        100.0756665250494,
        100.0756665250494,
        100.0756665250494,
        138.06616181442618,
        170.06003564916537,
        196.14445529430856,
        219.07986009661633,
        245.07666415996022,
        322.1874177932015,
        322.1874177932015,
        322.1874177932015,
        322.1874177932015
    ],
    "c2": [
        -0.3217258478711011,
        0.5213445245808578,
        -0.4416011345362626,
        0.20639485102603472,
        -0.06429729833469351,
        0.03974999344564986,
        -0.15774102790894565,
        0.2333966247621994,
        0.057809001240029245,
        0.0,
        0.0,
        0.0,
        0.0
    ],
    "k2": 3
}