{
    "crude correction": 2.5513414953623847,
    "after_400_calibration": -1.5804827730881015,
    "t1": [
        [
            100.07649532866381,
            100.07649532866381,
            100.07649532866381,
            100.07649532866381,
            154.09821315616253,
            196.14530043236735,
            232.14135227035376,
            399.23686858699057,
            399.23686858699057,
            399.23686858699057,
            399.23686858699057
        ]
    ],
    "c1": [
        [
            3.0880622116577925,
            0.7465359609318907,
            -0.8427237592337175,
            -0.5567382434752665,
            -2.3080315404724576,
            -0.8495816705364854,
            -0.5523380677999992,
            0.0,
            0.0,
            0.0,
            0.0
        ]
    ],
    "k1": [
        3
    ],
    "t2": [
        [
            100.07567562635852,
            100.07567562635852,
            100.07567562635852,
            100.07567562635852,
            154.09749965411487,
            196.1444475639959,
            232.14046487947064,
            399.23505192833767,
            399.23505192833767,
            399.23505192833767,
            399.23505192833767
        ]
    ],
    "c2": [
        [
            -3.2348087658640217e-05,
            -2.8762152359153848e-05,
            7.355118804470397e-07,
            -4.436686848065121e-06,
            -1.5185469930628029e-05,
            3.6382986277880565e-05,
            4.1725507713365346e-06,
            0.0,
            0.0,
            0.0,
            0.0
        ]
    ],
    "k2": [
        3
    ]
}