{
    "crude correction": -2.5696819219206577,
    "t": [
        100.07602283579247,
        100.07602283579247,
        100.07602283579247,
        100.07602283579247,
        230.37752550151626,
        324.20956188240905,
        412.4105424621757,
        500.00000000000324,
        500.00000000000324,
        500.00000000000324,
        500.00000000000324
    ],
    "c": [
        -2.8332079731327373,
        0.6176504066220939,
        0.7573127938021034,
        1.3098193173892585,
        0.6533977948776297,
        1.3436292845816873,
        0.9422526729951074,
        0.0,
        0.0,
        0.0,
        0.0
    ],
    "k": 3
}