{
    "crude correction": 2.5513414953623847,
    "t": [
        100.07649532866381,
        100.07649532866381,
        100.07649532866381,
        100.07649532866381,
        181.0978520412858,
        235.11991986967746,
        429.4658080108934,
        500.0,
        500.0,
        500.0,
        500.0
    ],
    "c": [
        3.140020844172371,
        -0.6328098708798364,
        -0.2750434045509878,
        -2.1135320990887503,
        -1.0569159172915534,
        -1.5192055340309882,
        -1.3596746158539397,
        0.0,
        0.0,
        0.0,
        0.0
    ],
    "k": 3
}