{
    "crude correction": 2.5696819219206577,
    "after_400_calibration": -1.1035689597726863,
    "t1": [
        101.10814981511709,
        101.10814981511709,
        101.10814981511709,
        101.10814981511709,
        190.08901096703983,
        263.12188613781666,
        331.1306333982159,
        399.23688590917203,
        399.23688590917203,
        399.23688590917203,
        399.23688590917203
    ],
    "c1": [
        3.411899537058557,
        -0.6450715196859392,
        0.25473318714187715,
        -1.6001464117002016,
        -0.9420873251576198,
        -0.8420292068676236,
        -1.2155606985415326,
        0.0,
        0.0,
        0.0,
        0.0
    ],
    "k1": 3
}