{
    "crude correction": 5.874753175616862,
    "after_400_calibration": -0.9783213435331781,
    "t1": [
        71.0699975162408,
        71.0699975162408,
        71.0699975162408,
        71.0699975162408,
        186.07496813808805,
        255.10028864242665,
        315.6617294238531,
        399.2030252054625,
        399.2030252054625,
        399.2030252054625,
        399.2030252054625
    ],
    "c1": [
        10.150095678848102,
        -0.6668461806943871,
        0.06498978963222965,
        -0.9078195831285116,
        -1.0000921927591537,
        -0.9153614550564676,
        -1.0329221233274026,
        0.0,
        0.0,
        0.0,
        0.0
    ],
    "k1": 3,
    "t2": [
        71.0684411123496,
        71.0684411123496,
        71.0684411123496,
        71.0684411123496,
        162.09134331927876,
        212.10293389333157,
        255.0974982833711,
        296.1605124730182,
        339.2028220419983,
        399.19874713379926,
        399.19874713379926,
        399.19874713379926,
        399.19874713379926
    ],
    "c2": [
        -0.28968864923276766,
        0.4411634228967649,
        -0.37232347889402273,
        0.19126226094377655,
        -0.08196985533576237,
        -0.024041443318341578,
        0.11463545210003041,
        -0.16064880063888803,
        0.12371258394213887,
        0.0,
        0.0,
        0.0,
        0.0
    ],
    "k2": 3
}