{
    "crude correction": 5.874753175616862,
    "t": [
        71.0699975162408,
        71.0699975162408,
        71.0699975162408,
        71.0699975162408,
        215.0690884703879,
        297.09357534117174,
        391.2255883402653,
        500.0000000000051,
        500.0000000000051,
        500.0000000000051,
        500.0000000000051
    ],
    "c": [
        9.472469021424638,
        -1.8307129021117048,
        0.3715550979322742,
        -1.3524660525576195,
        -0.5676406077898587,
        -1.1571689291562184,
        -0.8473670492732762,
        0.0,
        0.0,
        0.0,
        0.0
    ],
    "k": 3
}