{
    "crude correction": 5.874753175616862,
    "after_400_calibration": -0.9808929514711249,
    "t1": [
        [
            71.0699975162408,
            71.0699975162408,
            71.0699975162408,
            71.0699975162408,
            189.57622870700888,
            256.14723479294076,
            317.6685462133371,
            399.23948541965603,
            399.23948541965603,
            399.23948541965603,
            399.23948541965603
        ]
    ],
    "c1": [
        [
            10.047862618471843,
            -0.8861955891270836,
            0.12720104464096196,
            -0.9518365714155298,
            -0.9636208068168752,
            -0.9501550032454745,
            -1.0058863126529047,
            0.0,
            0.0,
            0.0,
            0.0
        ]
    ],
    "k1": [
        3
    ],
    "t2": [
        [
            71.06844837816966,
            71.06844837816966,
            71.06844837816966,
            71.06844837816966,
            189.57406498598405,
            256.14443639378067,
            317.6651182757258,
            399.2351961655994,
            399.2351961655994,
            399.2351961655994,
            399.2351961655994
        ]
    ],
    "c2": [
        [
            -0.0001312376188926056,
            -6.311243800903673e-05,
            2.040219525776773e-05,
            -2.3682719262724956e-05,
            1.622610902745537e-05,
            -1.0752183285709284e-05,
            2.254896416479326e-07,
            0.0,
            0.0,
            0.0,
            0.0
        ]
    ],
    "k2": [
        3
    ]
}