{
    "crude correction": 5.874753175616862,
    "t": [
        71.0699975162408,
        71.0699975162408,
        71.0699975162408,
        71.0699975162408,
        215.0690884703879,
        297.09357534117174,
        391.2255883402653,
        500.0000000000051,
        500.0000000000051,
        500.0000000000051,
        500.0000000000051
    ],
    "c": [
        9.472469080013273,
        -1.8307129219350085,
        0.37155510562723965,
        -1.3524660614624469,
        -0.5676406050914315,
        -1.1571689300705503,
        -0.8473670490009196,
        0.0,
        0.0,
        0.0,
        0.0
    ],
    "k": 3
}