{
    "crude correction": -5.874753175616862,
    "t": [
        72.08145653674656,
        72.08145653674656,
        72.08145653674656,
        72.08145653674656,
        215.09368637025943,
        297.1190744885191,
        392.24142566490156,
        500.3404229912744,
        500.3404229912744,
        500.3404229912744,
        500.3404229912744
    ],
    "c": [
        -9.346850968973607,
        1.9157363976799608,
        -0.345506553695449,
        1.3924318852696715,
        0.5653002387707904,
        1.1909842124146612,
        0.8637577796682853,
        0.0,
        0.0,
        0.0,
        0.0
    ],
    "k": 3
}