{
    "crude correction": 5.874753175616862,
    "after_400_calibration": -0.9759099743757584,
    "t1": [
        71.0699975162408,
        71.0699975162408,
        71.0699975162408,
        71.0699975162408,
        184.0800839187045,
        253.15050718800916,
        315.144803887061,
        399.2030252054625,
        399.2030252054625,
        399.2030252054625,
        399.2030252054625
    ],
    "c1": [
        10.086873712624609,
        -0.459441371516357,
        -0.02293970577905295,
        -0.8580653851140829,
        -1.0409395763981117,
        -0.8856946274884443,
        -1.0488302780226164,
        0.0,
        0.0,
        0.0,
        0.0
    ],
    "k1": 3,
    "t2": [
        71.06844560557357,
        71.06844560557357,
        71.06844560557357,
        71.06844560557357,
        159.07347299627273,
        209.12006211397346,
        253.14773246192436,
        296.11225310835863,
        338.3462856378325,
        399.19875348284705,
        399.19875348284705,
        399.19875348284705,
        399.19875348284705
    ],
    "c2": [
        -0.3105362191532886,
        0.5459699610504459,
        -0.48131728015491526,
        0.25763167224809974,
        -0.12212148102214007,
        -0.00995389190692434,
        0.11488993378935573,
        -0.17474133178056067,
        0.1364318396177247,
        0.0,
        0.0,
        0.0,
        0.0
    ],
    "k2": 3
}