{
    "crude correction": 5.874753175616862,
    "after_400_calibration": -0.9701468330559915,
    "t1": [
        72.08230346325344,
        72.08230346325344,
        72.08230346325344,
        72.08230346325344,
        184.1045565624744,
        249.1625337597872,
        314.14733052718566,
        399.23948541965603,
        399.23948541965603,
        399.23948541965603,
        399.23948541965603
    ],
    "c1": [
        10.10295918918681,
        -0.5571006486676204,
        0.10511262475190741,
        -0.8515535602155113,
        -1.027281438057537,
        -0.9433506217379124,
        -0.8961561028437992,
        0.0,
        0.0,
        0.0,
        0.0
    ],
    "k1": 3,
    "t2": [
        72.0807282877406,
        72.0807282877406,
        72.0807282877406,
        72.0807282877406,
        160.08215256463387,
        207.1044424750416,
        249.1597930580693,
        292.50562730211914,
        339.19066075972745,
        399.2351523607015,
        399.2351523607015,
        399.2351523607015,
        399.2351523607015
    ],
    "c2": [
        -0.29629315476328133,
        0.5461635027709633,
        -0.4746926407957951,
        0.24272419408871193,
        -0.09740604997094898,
        -0.04638586112880996,
        0.17204049894810614,
        -0.2187046430682751,
        0.1385247575367358,
        0.0,
        0.0,
        0.0,
        0.0
    ],
    "k2": 3
}