{
    "crude correction": 5.874753175616862,
    "after_400_calibration": -0.970332814571496,
    "t1": [
        72.08230346325344,
        72.08230346325344,
        72.08230346325344,
        72.08230346325344,
        184.12130416086183,
        249.6237764694584,
        314.16085810665635,
        399.23948541965603,
        399.23948541965603,
        399.23948541965603,
        399.23948541965603
    ],
    "c1": [
        10.099263951858987,
        -0.5662743089409381,
        0.11130759379403414,
        -0.8561922855303897,
        -1.0234888815002223,
        -0.9458669432480895,
        -0.895004488432483,
        0.0,
        0.0,
        0.0,
        0.0
    ],
    "k1": 3,
    "t2": [
        72.08072855409706,
        72.08072855409706,
        72.08072855409706,
        72.08072855409706,
        160.25221199710853,
        207.43244432755114,
        249.62103170172497,
        292.80937597252756,
        339.19674398622016,
        399.2351519010556,
        399.2351519010556,
        399.2351519010556,
        399.2351519010556
    ],
    "c2": [
        -0.28852591659458243,
        0.5350387864049141,
        -0.4633101703358653,
        0.23688767808757322,
        -0.09448666500843832,
        -0.047308168340783746,
        0.17220919587879407,
        -0.21845002263255303,
        0.13791141022168424,
        0.0,
        0.0,
        0.0,
        0.0
    ],
    "k2": 3
}