{
    "crude correction": 5.874753175616862,
    "t": [
        72.08230346325344,
        72.08230346325344,
        72.08230346325344,
        72.08230346325344,
        215.09175860356854,
        297.1080704263263,
        391.23189337730565,
        500.0000000000051,
        500.0000000000051,
        500.0000000000051,
        500.0000000000051
    ],
    "c": [
        9.503308794117975,
        -1.8768435046532865,
        0.393241713629587,
        -1.3643546336779477,
        -0.5567767112096792,
        -1.1637285501596975,
        -0.8447954372711214,
        0.0,
        0.0,
        0.0,
        0.0
    ],
    "k": 3
}