{
    "crude correction": 5.874753175616862,
    "t": [
        71.0699975162408,
        71.0699975162408,
        71.0699975162408,
        71.0699975162408,
        215.0690884703879,
        297.09357534117174,
        391.2255883402653,
        500.0000000000051,
        500.0000000000051,
        500.0000000000051,
        500.0000000000051
    ],
    "c": [
        9.48747162289055,
        -1.861493355154109,
        0.3005430741653779,
        -1.3849019171775685,
        -0.6035791462654387,
        -1.192778369509125,
        -0.8838472491704848,
        0.0,
        0.0,
        0.0,
        0.0
    ],
    "k": 3
}