{
    "crude correction": 5.874753175616862,
    "after_400_calibration": -0.9480913984678523,
    "t1": [
        71.0699975162408,
        71.0699975162408,
        71.0699975162408,
        71.0699975162408,
        215.0873035773965,
        296.2001100923148,
        391.2129782661847,
        500.0000000000046,
        500.0000000000046,
        500.0000000000046,
        500.0000000000046
    ],
    "c1": [
        9.51054246672694,
        -1.8687829370967295,
        0.29731886679755726,
        -1.3839694457929554,
        -0.6029202859937309,
        -1.1922442855154636,
        -0.883059943485077,
        0.0,
        0.0,
        0.0,
        0.0
    ],
    "k1": 3,
    "t2": [
        71.06848656646686,
        71.06848656646686,
        71.06848656646686,
        71.06848656646686,
        166.0517645791971,
        215.12227347960132,
        256.1549428204754,
        297.7953308007623,
        340.1486509082558,
        399.19869102248146,
        399.19869102248146,
        399.19869102248146,
        399.19869102248146
    ],
    "c2": [
        0.46487722757314676,
        -0.5542812631698442,
        0.18021693238627515,
        0.14285341174101002,
        -0.3012167449155403,
        0.11991992539232263,
        0.17733315666652327,
        -0.22593828536605762,
        -0.021517845959934556,
        0.0,
        0.0,
        0.0,
        0.0
    ],
    "k2": 3
}