{
    "crude correction": 1.2871036426690448,
    "after_400_calibration": -0.9774739504154188,
    "t1": [
        72.08162277639984,
        72.08162277639984,
        72.08162277639984,
        72.08162277639984,
        131.10007373916528,
        183.1132356854093,
        227.13943735162093,
        337.1875339947447,
        337.1875339947447,
        337.1875339947447,
        337.1875339947447
    ],
    "c1": [
        8.99329040220765,
        4.621254129301513,
        -0.8159287922924442,
        -0.08302014768915299,
        -0.9675987204169703,
        -1.0905503618641799,
        -1.1157356993742402,
        0.0,
        0.0,
        0.0,
        0.0
    ],
    "k1": 3,
    "t2": [
        72.08078897198203,
        72.08078897198203,
        72.08078897198203,
        72.08078897198203,
        115.02124550322968,
        147.11276967996486,
        183.11281912503944,
        213.08694128003174,
        244.09277841655825,
        337.1870422168397,
        337.1870422168397,
        337.1870422168397,
        337.1870422168397
    ],
    "c2": [
        0.22173107066062192,
        -0.5005775297467568,
        0.5430647347876435,
        -0.395151519160223,
        0.27539383836435055,
        -0.18558097753041972,
        0.29583962309268425,
        -0.342433837858999,
        0.09063202212321884,
        0.0,
        0.0,
        0.0,
        0.0
    ],
    "k2": 3
}