{
    "crude correction": 1.2871036426690448,
    "t": [
        72.08162277639984,
        72.08162277639984,
        72.08162277639984,
        72.08162277639984,
        171.38017058375792,
        243.61379855580395,
        393.76486593157074,
        501.62812466005215,
        501.62812466005215,
        501.62812466005215,
        501.62812466005215
    ],
    "c": [
        7.653612692550328,
        1.4968697076991153,
        -0.6602298580027295,
        -0.5762690972714646,
        -1.3493833655910894,
        -0.8383194851865685,
        -1.081835061852907,
        0.0,
        0.0,
        0.0,
        0.0
    ],
    "k": 3
}