{
    "crude correction": 1.2871036426690448,
    "after_400_calibration": -1.121461634083928,
    "t1": [
        72.08162277639984,
        72.08162277639984,
        72.08162277639984,
        72.08162277639984,
        171.12226275180424,
        242.64235730546,
        393.76486593157074,
        501.62812466005215,
        501.62812466005215,
        501.62812466005215,
        501.62812466005215
    ],
    "c1": [
        7.600821227683311,
        1.6389164283701743,
        -0.7999269914720049,
        -0.5627888524944503,
        -1.4088396442990596,
        -0.8543922195276096,
        -1.1172356581067593,
        0.0,
        0.0,
        0.0,
        0.0
    ],
    "k1": 3,
    "t2": [
        72.08088934356913,
        72.08088934356913,
        72.08088934356913,
        72.08088934356913,
        115.25059234020091,
        157.4531505018479,
        187.08954907362332,
        215.77828800963528,
        245.98476247970638,
        337.1870036404755,
        337.1870036404755,
        337.1870036404755,
        337.1870036404755
    ],
    "c2": [
        1.2994305818874172,
        1.1590318335900056,
        -0.4364004576806986,
        -0.6377719234751603,
        0.5678105705099105,
        0.023786739370005285,
        -0.08154687538492505,
        -0.5068364581958517,
        -0.029945927437241594,
        0.0,
        0.0,
        0.0,
        0.0
    ],
    "k2": 3
}