{
    "crude correction": 1.2871036426690448,
    "t": [
        72.08162277639984,
        72.08162277639984,
        72.08162277639984,
        72.08162277639984,
        171.38017058375792,
        243.61379855580395,
        393.76486593157074,
        501.62812466005215,
        501.62812466005215,
        501.62812466005215,
        501.62812466005215
    ],
    "c": [
        7.59942234673386,
        1.5879913396552707,
        -0.7885083936026429,
        -0.5684319962507214,
        -1.4046259145280091,
        -0.855877702024095,
        -1.1165577732174348,
        0.0,
        0.0,
        0.0,
        0.0
    ],
    "k": 3
}