{
    "crude correction": 1.2871036426690448,
    "after_400_calibration": -0.9719370559698262,
    "t1": [
        72.08162277639984,
        72.08162277639984,
        72.08162277639984,
        72.08162277639984,
        131.10007373916528,
        183.1132356854093,
        227.13943735162093,
        337.1875339947447,
        337.1875339947447,
        337.1875339947447,
        337.1875339947447
    ],
    "c1": [
        9.01970727483927,
        5.088754325850015,
        -1.0443193007326774,
        0.00031212199256568123,
        -1.0550004277299558,
        -1.00707122159653,
        -1.1417539192142612,
        0.0,
        0.0,
        0.0,
        0.0
    ],
    "k1": 3,
    "t2": [
        72.08078706796339,
        72.08078706796339,
        72.08078706796339,
        72.08078706796339,
        115.0212324324515,
        147.11277750469523,
        183.11281556882335,
        213.08693956501503,
        244.0927815575259,
        337.187050989411,
        337.187050989411,
        337.187050989411,
        337.187050989411
    ],
    "c2": [
        0.08760211793211337,
        -0.20959649118953524,
        0.2295198785031647,
        -0.1845991357077276,
        0.17420536293122438,
        -0.16653766388872351,
        0.30675359281057446,
        -0.3895683789093597,
        0.1127291502626696,
        0.0,
        0.0,
        0.0,
        0.0
    ],
    "k2": 3
}