{
    "crude correction": 1.2871036426690448,
    "after_400_calibration": -0.9621010936920407,
    "t1": [
        [
            72.08162277639984,
            72.08162277639984,
            72.08162277639984,
            72.08162277639984,
            133.0433812404002,
            187.07174078040907,
            231.0979474466271,
            337.1875339947447,
            337.1875339947447,
            337.1875339947447,
            337.1875339947447
        ]
    ],
    "c1": [
        [
            6.215861403338762,
            6.5966312330997425,
            -2.019764021115777,
            0.35802699392937454,
            -1.4215802461812932,
            -0.6913989136291951,
            -1.2269016235279195,
            0.0,
            0.0,
            0.0,
            0.0
        ]
    ],
    "k1": [
        3
    ],
    "t2": [
        [
            72.08098917492526,
            72.08098917492526,
            72.08098917492526,
            72.08098917492526,
            133.05632523132792,
            187.08948604794642,
            231.35824870940766,
            337.1870796984398,
            337.1870796984398,
            337.1870796984398,
            337.1870796984398
        ]
    ],
    "c2": [
        [
            2.680918655729403,
            -1.6348350002043732,
            0.8564646226518868,
            -0.31981389284769124,
            0.3279859804922371,
            -0.311979710649863,
            0.09146853740871971,
            0.0,
            0.0,
            0.0,
            0.0
        ]
    ],
    "k2": [
        3
    ]
}