{
    "crude correction": 1.2871036426690448,
    "after_400_calibration": -0.9572621414438137,
    "t1": [
        72.08162277639984,
        72.08162277639984,
        72.08162277639984,
        72.08162277639984,
        132.09174501554736,
        185.16528832661035,
        229.61635553966727,
        337.1875339947447,
        337.1875339947447,
        337.1875339947447,
        337.1875339947447
    ],
    "c1": [
        6.176459761401157,
        6.724664934312696,
        -1.9907949670067944,
        0.36087193810035,
        -1.4209848556579887,
        -0.680750484493415,
        -1.235244090226868,
        0.0,
        0.0,
        0.0,
        0.0
    ],
    "k1": 3,
    "t2": [
        72.08099201511386,
        72.08099201511386,
        72.08099201511386,
        72.08099201511386,
        116.24252500776876,
        155.41328050552443,
        185.62607133704347,
        214.77461720770197,
        244.96804464123943,
        337.18708251136496,
        337.18708251136496,
        337.18708251136496,
        337.18708251136496
    ],
    "c2": [
        2.801210434795666,
        -0.7365333508185447,
        -0.28764873336508917,
        0.37446694540760506,
        -0.121030836922994,
        -0.14787248404800712,
        0.43043634957319055,
        -0.6474704950987523,
        0.20404495579076545,
        0.0,
        0.0,
        0.0,
        0.0
    ],
    "k2": 3
}