{
    "crude correction": -1.2871036426690448,
    "t": [
        69.03416114576535,
        69.03416114576535,
        69.03416114576535,
        69.03416114576535,
        171.11272975989877,
        243.13375706125285,
        392.5431995634687,
        500.0000000000006,
        500.0000000000006,
        500.0000000000006,
        500.0000000000006
    ],
    "c": [
        -10.131838859066699,
        -0.46434117637484723,
        0.26025149095587596,
        0.882074749107969,
        1.1808505666567721,
        0.9677810137697623,
        1.0721633612977972,
        0.0,
        0.0,
        0.0,
        0.0
    ],
    "k": 3
}