{
    "crude correction": 1.2871036426690448,
    "after_400_calibration": -0.9714462178594747,
    "t1": [
        72.08162277639984,
        72.08162277639984,
        72.08162277639984,
        72.08162277639984,
        131.10007373916528,
        183.1132356854093,
        227.13943735162093,
        337.1875339947447,
        337.1875339947447,
        337.1875339947447,
        337.1875339947447
    ],
    "c1": [
        9.044336196302021,
        5.136354588939135,
        -1.0535847259985718,
        0.0062217601507541685,
        -1.0617786427227733,
        -1.0002945060098605,
        -1.1439342535537746,
        0.0,
        0.0,
        0.0,
        0.0
    ],
    "k1": 3,
    "t2": [
        72.08078529268084,
        72.08078529268084,
        72.08078529268084,
        72.08078529268084,
        115.02123034529485,
        147.112777369511,
        183.11281516594246,
        213.08693948598,
        244.09278181734078,
        337.18705172455583,
        337.18705172455583,
        337.18705172455583,
        337.18705172455583
    ],
    "c2": [
        0.05720838325571873,
        -0.14057586633377875,
        0.15621679666354554,
        -0.13435789113187072,
        0.14650069749679454,
        -0.15556979990774106,
        0.29577794267343993,
        -0.3824206436974618,
        0.1124527661792941,
        0.0,
        0.0,
        0.0,
        0.0
    ],
    "k2": 3
}