{
    "crude correction": 1.2871036426690448,
    "t": [
        72.08162277639984,
        72.08162277639984,
        72.08162277639984,
        72.08162277639984,
        171.38017058375792,
        243.61379855580395,
        393.76486593157074,
        501.62812466005215,
        501.62812466005215,
        501.62812466005215,
        501.62812466005215
    ],
    "c": [
        7.774962575862406,
        1.4638147308830265,
        -0.6405199964526618,
        -0.590566532718521,
        -1.3397094090018262,
        -0.8429639450577489,
        -1.0799610444205323,
        0.0,
        0.0,
        0.0,
        0.0
    ],
    "k": 3
}