{
    "crude correction": 1.2871036426690448,
    "t": [
        72.08162277639984,
        72.08162277639984,
        72.08162277639984,
        72.08162277639984,
        171.38017058375792,
        243.61379855580395,
        393.76486593157074,
        501.62812466005215,
        501.62812466005215,
        501.62812466005215,
        501.62812466005215
    ],
    "c": [
        7.653612664492349,
        1.496869731614641,
        -0.6602298677853619,
        -0.5762690944539348,
        -1.3493833677887193,
        -0.8383194840463174,
        -1.0818350623270012,
        0.0,
        0.0,
        0.0,
        0.0
    ],
    "k": 3
}