{
    "crude correction": -3.7412175738806295,
    "t": [
        182.0811687921829,
        182.0811687921829,
        182.0811687921829,
        182.0811687921829,
        234.15449897379602,
        376.7785154612958,
        439.0933804994397,
        501.40824553758364,
        501.40824553758364,
        501.40824553758364,
        501.40824553758364
    ],
    "c": [
        0.11451470980465804,
        -0.09788931942117553,
        0.3109617028259937,
        -0.6950392079102726,
        -0.387489541765636,
        -0.5264284414663406,
        -0.4569897215026684,
        0.0,
        0.0,
        0.0,
        0.0
    ],
    "k": 3
}