{
    "crude correction": 3.7412175738806295,
    "after_400_calibration": 0.8739953141871575,
    "t1": [
        183.1139950667334,
        183.1139950667334,
        183.1139950667334,
        183.1139950667334,
        200.14073876724783,
        225.099972144821,
        249.12524202824667,
        302.15233041337945,
        302.15233041337945,
        302.15233041337945,
        302.15233041337945
    ],
    "c1": [
        -0.7067656631954434,
        -0.7874063060199027,
        -0.5257851117621626,
        -0.0074728079780521425,
        0.6045571071296088,
        0.21559595739744947,
        0.9150809794988061,
        0.0,
        0.0,
        0.0,
        0.0
    ],
    "k1": 3,
    "t2": [
        183.11275434968408,
        183.11275434968408,
        183.11275434968408,
        183.11275434968408,
        197.76769110535187,
        211.46367644741466,
        225.09829319300223,
        244.1413234976963,
        265.7842663537282,
        302.14979310732065,
        302.14979310732065,
        302.14979310732065,
        302.14979310732065
    ],
    "c2": [
        -0.00725390235126677,
        0.025790808691923663,
        -0.012577422936144,
        -0.02870330885458384,
        0.09424897453882024,
        -0.16144399849140234,
        0.30709180986216655,
        -0.31326972007362963,
        0.07492565155790035,
        0.0,
        0.0,
        0.0,
        0.0
    ],
    "k2": 3
}