{
    "crude correction": 3.7412175738806295,
    "after_400_calibration": 0.9430386127768111,
    "t1": [
        183.1139950667334,
        183.1139950667334,
        183.1139950667334,
        183.1139950667334,
        200.11337116486004,
        223.13318478666912,
        247.66760907494503,
        302.15233041337945,
        302.15233041337945,
        302.15233041337945,
        302.15233041337945
    ],
    "c1": [
        -0.7142189344415444,
        -0.7630185007436716,
        -0.5702122837676921,
        -0.0030587254788237276,
        0.516644200765033,
        0.334014105155123,
        0.7641418489340331,
        0.0,
        0.0,
        0.0,
        0.0
    ],
    "k1": 3,
    "t2": [
        183.11275571517933,
        183.11275571517933,
        183.11275571517933,
        183.11275571517933,
        197.28827976290472,
        209.80785065278704,
        223.1315280503796,
        242.80588172848005,
        262.77885660208443,
        302.149838708333,
        302.149838708333,
        302.149838708333,
        302.149838708333
    ],
    "c2": [
        0.013215452617148137,
        -0.03811596501448122,
        0.06161966649467629,
        -0.10098443987247382,
        0.16586241619707184,
        -0.22936860555174854,
        0.41153796717043095,
        -0.44179079226372997,
        0.14164758316476375,
        0.0,
        0.0,
        0.0,
        0.0
    ],
    "k2": 3
}