{
    "crude correction": 3.7412175738806295,
    "t": [
        183.1139950667334,
        183.1139950667334,
        183.1139950667334,
        183.1139950667334,
        231.6354640954269,
        378.1890857011188,
        439.7986521817668,
        501.40821866241475,
        501.40821866241475,
        501.40821866241475,
        501.40821866241475
    ],
    "c": [
        -0.7206614020175857,
        -0.6390540152648261,
        1.0893266494122413,
        0.11593124582171055,
        0.3952507796077588,
        0.2621354694810252,
        0.3309343631950398,
        0.0,
        0.0,
        0.0,
        0.0
    ],
    "k": 3
}