{
    "crude correction": 3.7412175738806295,
    "t": [
        183.1139950667334,
        183.1139950667334,
        183.1139950667334,
        183.1139950667334,
        231.6354640954269,
        378.1890857011188,
        439.7986521817668,
        501.40821866241475,
        501.40821866241475,
        501.40821866241475,
        501.40821866241475
    ],
    "c": [
        -0.6681104428459718,
        -0.5712482962626451,
        1.0394855703976749,
        0.11751081160193323,
        0.383113283077631,
        0.2566129708684079,
        0.3219735501206361,
        0.0,
        0.0,
        0.0,
        0.0
    ],
    "k": 3
}