{
    "crude correction": 3.7412175738806295,
    "after_400_calibration": 0.3161236908693956,
    "t1": [
        [
            183.1139950667334,
            183.1139950667334,
            183.1139950667334,
            183.1139950667334,
            199.64309190544958,
            223.10938469762814,
            247.1727897237251,
            359.17813375851887,
            359.17813375851887,
            359.17813375851887,
            359.17813375851887
        ]
    ],
    "c1": [
        [
            -0.7005204725668334,
            -0.6580106541169783,
            -0.6488057500828133,
            0.03642679817170759,
            0.6627755099406061,
            0.5156497431709971,
            0.1282844308670645,
            0.0,
            0.0,
            0.0,
            0.0
        ]
    ],
    "k1": [
        3
    ],
    "t2": [
        [
            183.112753208857,
            183.112753208857,
            183.112753208857,
            183.112753208857,
            199.64171363432627,
            223.10772610621112,
            247.1708670846905,
            359.1754001596834,
            359.1754001596834,
            359.1754001596834,
            359.1754001596834
        ]
    ],
    "c2": [
        [
            7.229220294716362e-06,
            -4.247932658834622e-06,
            2.0028715848193607e-05,
            1.9621378178512883e-05,
            -6.5776894911666205e-06,
            5.249648857404195e-06,
            -1.4179116207666598e-05,
            0.0,
            0.0,
            0.0,
            0.0
        ]
    ],
    "k2": [
        3
    ]
}