{
    "crude correction": 3.7412175738806295,
    "t": [
        183.1139950667334,
        183.1139950667334,
        183.1139950667334,
        183.1139950667334,
        231.6354640954269,
        378.1890857011188,
        439.7986521817668,
        501.40821866241475,
        501.40821866241475,
        501.40821866241475,
        501.40821866241475
    ],
    "c": [
        -0.668110445438238,
        -0.5712482987949412,
        1.039485574736683,
        0.11751081464643899,
        0.3831132873594894,
        0.2566129744299283,
        0.3219735540815321,
        0.0,
        0.0,
        0.0,
        0.0
    ],
    "k": 3
}