{
    "crude correction": 3.7412175738806295,
    "after_400_calibration": 0.951042637149242,
    "t1": [
        183.1139950667334,
        183.1139950667334,
        183.1139950667334,
        183.1139950667334,
        232.39828944931185,
        328.8617658075734,
        414.43088290378745,
        500.0000000000015,
        500.0000000000015,
        500.0000000000015,
        500.0000000000015
    ],
    "c1": [
        -0.7867219014597785,
        -0.5722296285988532,
        0.49392450973201973,
        0.9136793696547633,
        0.8117888783458628,
        0.8555981876203215,
        0.8379417191683177,
        0.0,
        0.0,
        0.0,
        0.0
    ],
    "k1": 3,
    "t2": [
        183.1127689941559,
        183.1127689941559,
        183.1127689941559,
        183.1127689941559,
        197.288269559514,
        209.80784793512564,
        223.13153811606782,
        242.80589261453508,
        262.7788383862556,
        302.1498465530135,
        302.1498465530135,
        302.1498465530135,
        302.1498465530135
    ],
    "c2": [
        0.08591197654309023,
        -0.0688318178934638,
        -0.010300201786474226,
        -0.11292034044926283,
        0.2284415795192482,
        -0.1589729512858547,
        0.29196647472590403,
        -0.6704911973261252,
        0.1680775069636501,
        0.0,
        0.0,
        0.0,
        0.0
    ],
    "k2": 3
}