m/z	delta from monoisotope	isotope	intensity
120.08078	0	monoisotope	1.0
121.07781	0.99703	N15	0.00337
121.08413	1.00335	C13	0.0768
121.08706	1.00628	H2	9e-05
